a2c1808f-0d4f-4cc9-a619-d1e641d39d49	41	AbtChk,AbtEraseDxe,AmdiGpuVbsWA,BdsMilestone,DxeBoardInit,DxeCallback,FlashOemHooKDxe,FlashOemHooKSmm,LePassKeyDxe,LenovoDashSupportDxe,LenovoFingerprintCp,LenovoFingerprintSmm,LenovoHdpManagerDxe,LenovoMailBoxDxe,LenovoMfgDoneDxe,LenovoMfgDoneSmm,LenovoRebootCp,LenovoRemoteConfigUpdateDxe,LenovoSecurityVariableDxe,LenovoSetupConfigDxe,LenovoSetupMainDxe,LenovoSetupSecurityDxe,LenovoSetupStartupDxeGui,LenovoSetupUnderOsSmm,LenovoSvpManagerSmm,LenovoTpmConfigDxe,LenovoTpmMeasureDxe,LenovoUserManagerDxe,LenovoVariableInitDxe,LenovoVariableSmm,LenovoWmaPolicyDxe,PersistenceConfigDxe,PlatformSmm,Sdev,SmmAslSmi,SystemBootManagerDxe,SystemCapsuleRt,SystemEsrtDxe,SystemFormBrowserCoreDxe,TpAcpiNvsInitDxe,XhciDxe
7b07d184-02d0-4bfd-ad6e-554c39353a13	2	LenovoSysConfigReqDxe,SmmAslSmi
e6f014ab-cb0e-456e-8af7-7221edb702f7	16	BdsMilestone,DxeBoardInit,DxeCallback,EcIoSmm,FdiskOemDxe,LenovoFingerprintCp,LenovoSetupConfigDxe,LenovoSetupUnderOsDxe,LenovoSetupUnderOsSmm,LenovoSysConfigReqDxe,LenovoVideoInitDxe,LenovoWmaPolicyDxe,SmmAslSmi,SmmSleepEvent,TimerWakeSmm,TpAcpiNvsInitDxe
2a4dc6b7-41f5-45dd-b46f-2dd334c1cf65	54	AIMTEraseDxe,BdsCtrl,BdsMilestone,BootOption,DashManagerDxe,DxeBoardInit,EcFwUpdateDxe,EcIoDxe,FdiskOemDxe,GuiPwdPrompt,HttpDxe,KbdConfig,LegacyUsbLan,LenovoRemoteConfigUpdateDxe,LenovoSecurityVariableDxe,LenovoSetupAutomationSmm,LenovoSetupConfigDxe,LenovoSetupMainDxe,LenovoSetupRestartDxe,LenovoSetupSecurityDxe,LenovoSetupStartupDxeGui,LenovoSetupUnderOsSmm,LenovoSmapiSmm,LenovoSmmKbdConfig,LenovoSmpManagerDxe,LenovoSoundService,LenovoSplash2Protocol,LenovoSplashDxe,LenovoSvpManagerDxe,LenovoTpmMeasureDxe,LenovoUserManagerDxe,LenovoVariableInitDxe,LenovoVariableSmm,LenovoVariableStoreSmm,LenovoVideoInitDxe,LenovoWmaPolicyDxe,MetroMsgDxe,MiscGaIoDxe,PlatformSmm,ProductIdentify,Ps2KeyboardDxe,Sdev,SecureCorePcDeviceIdentifierDxe,SmmAslSmi,SmmSleepEvent,SystemBiosSetupDxe,SystemBootManagerDxe,SystemFlashCommunicationDxe,SystemFlashCommunicationSmm,SystemFormBrowserCoreDxe,TimerWakeSmm,TpAcpiNvsInitDxe,UefiPxeBcDxe,UltrasoundHpdCheck
aade7c97-98e7-4cfa-b4ef-bbe20506a31d	11	EcIoSmm,LenovoHdpManagerSmm,LenovoMtmFormatSmm,LenovoSetupAutomationSmm,LenovoSmapiSmm,LenovoSmmKbdConfig,PlatformSmm,SmmAslSmi,SmmCf9Trap,SmmSleepEvent,TimerWakeSmm
a7d8002b-923b-41c0-884c-3fc3795203fa	23	EcIoSmm,FlashHookSmm,FlashOemHooKSmm,FlashUtilitySmm,LenovoFingerprintSmm,LenovoHdpManagerSmm,LenovoMailBoxSmm,LenovoMfgDoneSmm,LenovoMtmFormatSmm,LenovoSetupAutomationSmm,LenovoSetupUnderOsSmm,LenovoSmapiSmm,LenovoSmmKbdConfig,LenovoTamperSmm,LenovoVariableInitSmm,LenovoVariableSmm,SmmAslSmi,SmmCf9Trap,SmmSleepEvent,SystemFlashCommunicationSmm,SystemVariableStoreManagerSmm,SystemVspBcpSmm,TimerWakeSmm
331943f9-10f0-45bc-aaee-1e5d2d74bfe2	3	BoardNvs,LenovoFingerprintCp,SmmAslSmi
580020c3-6c9c-4f93-8008-7fadc1fcfedd	7	LenovoRemoteConfigUpdateDxe,LenovoSetupConfigDxe,LenovoSmmKbdConfig,LenovoVariableInitDxe,LenovoWmaPolicyDxe,SmmAslSmi,TpAcpiNvsInitDxe
f67fee3a-dbe2-4228-9732-b4dd1e5ff6af	4	BoardInfoSmm,SmmAslSmi,SmmCrcInit,SmmSleepEvent
03623f15-5933-4d40-97bb-c9c3ac100760	7	LenovoRebootCp,LenovoUserManagerDxe,SmmAslSmi,SmmSleepEvent,TimerWakeSmm,VariableCmosDxe,VariableCmosSmm
7739f24c-93d7-11d4-9a3a-0090273fc14d	292	AIMTEraseDxe,AMDGenericGop,AbtDxe,AbtEraseDxe,AcpiTableDxe,AmdAcpiDxe,AmdApcbDxeV3,AmdApcbSmmV3,AmdCcxZen4Dxe,AmdCcxZen4Smm,AmdCpmABRecoveryDxe,AmdCpmABRecoverySmm,AmdCpmAcpPowerGatingDxe,AmdCpmDisplayFeatureDxe,AmdCpmDisplayFeatureSmm,AmdCpmGpioInitDxe,AmdCpmGpioInitSmm,AmdCpmInitDxe,AmdCpmInitSmm,AmdCpmModernStandbyAcpiTableInstall,AmdCpmModernStandbyFeatureDxe,AmdCpmModernStandbyInitDxe,AmdCpmOemAcpi,AmdCpmOemInitDxe,AmdCpmOemSmm,AmdCpmPciHotPlugInitDxe,AmdCpmPcieInitDxe,AmdCpmPlatformOscTableInstall,AmdCpmSensorFusionDxe,AmdDisableDashDxe,AmdDynamicLid,AmdErrorLogDxe,AmdFabricPhxDxe,AmdFabricPhxSmm,AmdHspFtpmDxe,AmdIspCamera,AmdMcaZen4Dxe,AmdMemRestoreDxe,AmdMemRestoreDxeV2,AmdMemSmbiosV2Dxe,AmdMiniRasServiceDxe,AmdMpmSensor,AmdNbioDxe,AmdNbioSmm,AmdPbsSetupDxe,AmdPlatformCustomizeDxe,AmdPspDxeV2Phx,AmdPspFtpmDxe,AmdPspIntrusionDetectionDxe,AmdPspIntrusionDetectionSmm,AmdPspP2CmboxV2,AmdPspP2CmboxV2SmmBuffer,AmdPspRomArmor3Smm,AmdPspSmmV2,AmdSmbiosDxe,AmdSmmCommunication,AmdSmmControl,AmdSocFp8PhxDxe,AmdUsb4Dxe,AmdVariableProtection,ApobPhxDxe,AsfDxe,AsfSmm,AsfUi,BatteryFwUpdateDxe,BatteryInfo,BatteryInfoDxe,BctBaseSmmPHX,BdsCtrl,BdsMilestone,BoardInfoDxe,BoardInfoSmm,BoardMilestoneHookDxe,BoardModernStandbyDxe,BoardModernStandbySmm,BoardSyncAPCBSmm,BoardUpdateAcpiDxe,BootOption,BootScriptExecutorDxe,CbsBaseDxePHX,CbsSetupDxePHX,CbsSetupSmmPhx,CertificateStorageSmm,Cf9Reset,CloudBmrApp,ConPlatformDxe,CpuDxe,DashManagerDxe,DashUi,DecompressFvAbtDxe,DxeBoardInit,DxeCallback,DxeCore,DxeCrcInit,DxeTAC,EcEkKey,EcFwUpdateDxe,EcIoDxe,EcIoSmm,EmulatedEepromDxe,EmulatedEepromSmm,FchI2cMasterDxe,FchSmbusDxe,FchSmmDiagDispatcher,FchSmmDispatcher,FchTacomaDsdt,FchTacomaDxe,FchTacomaSmmInit,FchTacomaSsdt,FdiskOemDxe,FdiskOemSmm,FirmwarePerformanceDxe,FirmwarePerformanceSmm,FlashUtilitySmm,HspFtpmAcpi,HstiIbvPlatformDxe,HttpBootDxe,I2cMmioDeviceDxe,I2cPlatformDxe,I2cPortA0Pio,KvmPlatformDxe,LePassKeyDxe,LenovoCustomizedLogoSmm,LenovoEaiaDxe,LenovoErrorManagerDxe,LenovoEventLogVariableStoreSmm,LenovoFingerprintCp,LenovoFingerprintSmm,LenovoFlashDeviceInterfaceSmm,LenovoHdpManagerDxe,LenovoHdpManagerSmm,LenovoLoggingDxe,LenovoMailBoxDxe,LenovoMfgDoneDxe,LenovoMfgDoneSmm,LenovoPopManagerDxe,LenovoRebootCp,LenovoRemoteConfigUpdateDxe,LenovoSecureBootConfigDxe,LenovoSecureKeySmm,LenovoSecurityVariableDxe,LenovoSetupAutomationSmm,LenovoSetupConfigDxe,LenovoSetupMainDxe,LenovoSetupSecurityDxe,LenovoSetupUnderOsSmm,LenovoSmapiSmm,LenovoSmpManagerDxe,LenovoSplashDxe,LenovoSvpManagerSmm,LenovoSysConfigReqDxe,LenovoTamperDxe,LenovoTamperSmm,LenovoTpm2ConfigSmm,LenovoTpmConfigDxe,LenovoTpmMeasureDxe,LenovoUserManagerDxe,LenovoVariableDxe,LenovoVariableInitDxe,LenovoVariableSmm,LenovoVariableStoreSmm,LenovoVariableStoreSmmRuntimeDxe,LenovoVideoInitDxe,LenovoWmaPciDxe,LenovoWmaPolicyDxe,LenovoWmaUsbDxe,LinUptpPure,MctpSmbusDxe,MctpSmbusSmm,Metronome,MiscGaIoDxe,MiscGaIoSmm,MpmAsfDxe,MpmBatteryInfoDxe,MpmDxe,MpmKvm,MpmPldmBase,MpmSensorInfoDxe,MpmSerialIoDxe,NistDxe,NuvotonFwManagementDxe,NvmExpressSmm,NvmeShutdownNotificationSmm,OdometerInitDxe,OpalDeviceService,PcRtc,PcdDxe,PciHostBridgeDxe,PciSerialDxe,PdSolutionSmm,PiSmmCommunicationSmm,PiSmmCore,PiSmmCpuDxeSmm,PiSmmIpl,PlatformDxe,PlatformFlashDxe,PlatformMilestoneHookDxe,PlatformMilestoneSmm,PlatformPciDxe,PlatformS3SaveDxe,PlatformSmm,PlatformStatusCodeHandlerDxe,PlatformStatusCodeHandlerSmm,PlatformTcg2Dxe,PldmBcc,PldmSmbios,PlutonSecurityProcessor,PriorBootDxe,Ps2KeyboardDxe,PspFtpmAcpi,PspPlatformDriver,RZ717_MtkWiFiDex,RamDiskDxe,ReportStatusCodeRouterRuntimeDxe,ReportStatusCodeRouterSmm,ResetSystemRuntimeDxe,RngDxe,RtkManagementSetup,S3SaveStateDxe,Sdev,SecureBIOCamera_Sunplus,SecureBioDxe,SecureBioFw,SecureCorePcDeviceIdentifierDxe,SecurityStubDxe,SensorInfoDxe,SingleCapsuleDxe,SmartAssetTagInfoDxe,SmbiosCompatiInfo,SmbiosDxe,SmmAslSmi,SmmBoardInit,SmmCf9Trap,SmmCommunicationBufferDxe,SmmCrcInit,SmmFaultTolerantWriteDxe,SmmLockBox,SmmS3SaveState,SmmSleepEvent,SmmSupervisorBinRelease,SmmSupvErrorReport,SystemAcpiOA30Smm,SystemBootManagerDxe,SystemCapsuleRt,SystemDxeToSmmEventDxe,SystemErrorLogDxe,SystemErrorMenuDxe,SystemFirmwareDeviceBlockDxe,SystemFirmwareDeviceBlockSmm,SystemFirmwareDeviceDxeSmm,SystemFirmwareDeviceSmm,SystemFlashCommunicationDxe,SystemFlashCommunicationSmm,SystemFontDxe,SystemFormBrowserMetroViewDxe,SystemLoadDefaultDxe,SystemPolicyManagerDxe,SystemSecureFlashAuthenticationDxe,SystemSecureFlashAuthenticationSmm,SystemSecureFlashSleepTrapSmm,SystemSetupCapsuleUpdateDxe,SystemSmbiosBcpSmm,SystemSmmCommunicationBufferManagerDxe,SystemVariableStoreManagerSmm,SystemVspBcpRuntimeDxe,SystemVspBcpSmm,SystemVspEvaRuntimeDxe,Tcg2Acpi,Tcg2Dxe,Tcg2Smm,TcgDxe,TcgSmm,TimerWakeSmm,TimestampDxe,TouchDriver,TouchPadDriver,TpAcpiNvsInitDxe,TpmResiliencyDxe,UcsiDriver,UsbBusDxe,UsbMassStorageDxe,VariableBackupRestoreDxe,VariableBackupRestoreSmm,VariableCheckerSmm,VariableCmosDxe,VariableSmm,WCN6855,WifiConnectionManagerDxe,WifiManagerApp,WifiProvisioningSmm,WirelessUndiLauncher,XhciDxe
b8167809-e73a-4387-8323-0afe83d3074f	2	LenovoSetupUnderOsSmm,SmmAslSmi
f4ccbfb7-f6e0-47fd-9dd4-10a8f150c191	163	AmdApcbDxeV3,AmdApcbSmmV3,AmdCcxZen4Dxe,AmdCcxZen4Smm,AmdCpmABRecoveryDxe,AmdCpmABRecoverySmm,AmdCpmDisplayFeatureSmm,AmdCpmGpioInitSmm,AmdCpmInitSmm,AmdCpmModernStandbyInitDxe,AmdCpmOemInitDxe,AmdCpmOemSmm,AmdFabricPhxDxe,AmdFabricPhxSmm,AmdHspFtpmDxe,AmdMcaZen4Dxe,AmdMpmSensor,AmdNbioDxe,AmdNbioSmm,AmdPspDxeV2Phx,AmdPspIntrusionDetectionDxe,AmdPspIntrusionDetectionSmm,AmdPspP2CmboxV2,AmdPspP2CmboxV2SmmBuffer,AmdPspRomArmor3Smm,AmdPspSmmV2,AmdSmbiosDxe,AmdSmmCommunication,AmdUsb4Dxe,ApobPhxDxe,AsfSmm,BatteryInfoDxe,BctBaseSmmPHX,BoardInfoSmm,BoardModernStandbySmm,BoardSyncAPCBSmm,BootScriptExecutorDxe,CbsSetupDxePHX,CbsSetupSmmPhx,CertificateStorageSmm,CpuDxe,CpuIo2Smm,DxeCore,DxeCrcInit,EcIoSmm,EmulatedEepromSmm,FchI2cMasterDxe,FchSmmDiagDispatcher,FchSmmDispatcher,FchTacomaDxe,FchTacomaSmmInit,FchTacomaSsdt,FdiskOemDxe,FdiskOemSmm,FirmwarePerformanceSmm,FlashHookSmm,FlashOemHooKSmm,FlashUtilitySmm,HspFtpmAcpi,KvmPlatformDxe,LenovoCustomizedLogoSmm,LenovoEventLogVariableStoreSmm,LenovoFingerprintSmm,LenovoFlashDeviceInterfaceSmm,LenovoHdpManagerSmm,LenovoMailBoxSmm,LenovoMfgDoneDxe,LenovoMfgDoneSmm,LenovoMtmFormatSmm,LenovoSecureKeySmm,LenovoSecuritySmiDispatch,LenovoSecurityVariableDxe,LenovoSetupAutomationSmm,LenovoSetupConfigDxe,LenovoSetupSecurityDxe,LenovoSetupUnderOsSmm,LenovoSmapiSmm,LenovoSmmKbdConfig,LenovoSvpManagerSmm,LenovoTamperSmm,LenovoTpm2ConfigSmm,LenovoTpmConfigSmm,LenovoVariableCommandSmiDispatch,LenovoVariableInitDxe,LenovoVariableInitSmm,LenovoVariableSmm,LenovoVariableStoreSmm,LenovoVideoInitDxe,LinUptpPure,MctpSmbusSmm,MiscGaIoSmm,MpmAsfDxe,MpmBatteryInfoDxe,MpmDxe,MpmKvm,MpmPldmBase,MpmSensorInfoDxe,MpmSerialIoDxe,NvmExpressSmm,NvmeShutdownNotificationSmm,PdSolutionSmm,PiSmmCommunicationSmm,PiSmmCpuDxeSmm,PiSmmIpl,PlatformDxe,PlatformFlashDxe,PlatformFlashSmm,PlatformMilestoneSmm,PlatformPciDxe,PlatformS3SaveDxe,PlatformSmm,PlatformStatusCodeHandlerSmm,PldmBcc,PldmSmbios,PlutonSecurityProcessor,PriorBootSmm,PspFtpmAcpi,PspPlatformDriver,ReportStatusCodeRouterSmm,S3SaveStateDxe,SbFlashControllerSmm,SctMilestoneTaskSmm,SecureBioDxe,SecureCorePcDeviceIdentifierDxe,SensorInfoDxe,SmartAssetTagInfoDxe,SmmAslSmi,SmmBoardInit,SmmCf9Trap,SmmConfidentialMem,SmmCrcInit,SmmFaultTolerantWriteDxe,SmmLockBox,SmmS3SaveState,SmmSleepEvent,SmmSupervisorBinRelease,SmmSupvErrorReport,SpiFlashProSmm,SystemAcpiOA30Smm,SystemBootManagerDxe,SystemErrorLogSmm,SystemEventLogDxe,SystemEventLogSmm,SystemFirmwareDeviceBlockSmm,SystemFirmwareDeviceSmm,SystemFlashCommunicationSmm,SystemRtcSmm,SystemSecureFlashAuthenticationSmm,SystemSecureFlashSleepTrapSmm,SystemSmbiosBcpSmm,SystemSwSmiAllocatorSmm,SystemVariableStoreManagerSmm,SystemVspBcpSmm,Tcg2Smm,TcgSmm,TimerWakeSmm,VariableBackupRestoreSmm,VariableCheckerSmm,VariableCmosSmm,VariableProviderSmm,VariableSmm,WifiProvisioningSmm,WirelessUndiLauncher
c2702b74-800c-4131-8746-8fb5b89ce4ac	99	AmdApcbSmmV3,AmdCcxZen4Dxe,AmdCcxZen4Smm,AmdCpmABRecoverySmm,AmdCpmDisplayFeatureSmm,AmdCpmGpioInitSmm,AmdCpmInitSmm,AmdCpmOemSmm,AmdFabricPhxSmm,AmdNbioSmm,AmdPspIntrusionDetectionSmm,AmdPspP2CmboxV2,AmdPspP2CmboxV2SmmBuffer,AmdPspRomArmor3Smm,AmdPspSmmV2,AmdSmmCommunication,AsfSmm,BctBaseSmmPHX,BoardInfoSmm,BoardModernStandbySmm,BoardSyncAPCBSmm,CbsSetupSmmPhx,CertificateStorageSmm,EcIoSmm,EmulatedEepromSmm,FchSmmDiagDispatcher,FchSmmDispatcher,FchTacomaSmmInit,FdiskOemSmm,FirmwarePerformanceSmm,FlashOemHooKSmm,FlashUtilitySmm,HspFtpmAcpi,LenovoCustomizedLogoSmm,LenovoEventLogVariableStoreSmm,LenovoFingerprintSmm,LenovoFlashDeviceInterfaceSmm,LenovoHdpManagerSmm,LenovoMailBoxSmm,LenovoMfgDoneSmm,LenovoSecureKeySmm,LenovoSecuritySmiDispatch,LenovoSetupAutomationSmm,LenovoSetupUnderOsSmm,LenovoSmapiSmm,LenovoSvpManagerSmm,LenovoTamperSmm,LenovoTpm2ConfigSmm,LenovoTpmConfigSmm,LenovoVariableCommandSmiDispatch,LenovoVariableInitSmm,LenovoVariableSmm,LenovoVariableStoreSmm,LinUptpPure,MctpSmbusSmm,MiscGaIoSmm,NvmExpressSmm,NvmeShutdownNotificationSmm,PdSolutionSmm,PiSmmCommunicationSmm,PiSmmCore,PiSmmCpuDxeSmm,PiSmmIpl,PlatformMilestoneSmm,PlatformSmm,PlatformStatusCodeHandlerSmm,PspFtpmAcpi,ReportStatusCodeRouterSmm,SctMilestoneTaskSmm,SmmAslSmi,SmmBoardInit,SmmCf9Trap,SmmCrcInit,SmmFaultTolerantWriteDxe,SmmLockBox,SmmS3SaveState,SmmSleepEvent,SmmSupervisorBinRelease,SmmSupvErrorReport,SpiFlashProSmm,SystemAcpiOA30Smm,SystemErrorLogSmm,SystemEventLogSmm,SystemFirmwareDeviceBlockSmm,SystemFirmwareDeviceSmm,SystemFlashCommunicationSmm,SystemSecureFlashAuthenticationSmm,SystemSecureFlashSleepTrapSmm,SystemSmbiosBcpSmm,SystemSwSmiAllocatorSmm,SystemVariableStoreManagerSmm,SystemVspBcpSmm,Tcg2Smm,TcgSmm,TimerWakeSmm,VariableBackupRestoreSmm,VariableCheckerSmm,VariableSmm,WifiProvisioningSmm
18a3c6dc-5eea-48c8-a1c1-b53389f98999	20	AmdCpmDisplayFeatureSmm,AmdCpmGpioInitSmm,BoardModernStandbySmm,BoardSyncAPCBSmm,FchSmmDispatcher,HspFtpmAcpi,LenovoHdpManagerSmm,LenovoSecuritySmiDispatch,LenovoSmapiSmm,LenovoVariableCommandSmiDispatch,PiSmmCommunicationSmm,PlatformSmm,PspFtpmAcpi,SmmAslSmi,SmmSleepEvent,SystemFlashCommunicationSmm,SystemSwSmiAllocatorSmm,Tcg2Smm,TcgSmm,TimerWakeSmm
