8f80c1a24f0dc94ca619d1e641d39d49	a2c1808f-0d4f-4cc9-a619-d1e641d39d49	.data+0x4000
4f0dc94ca619d1e641d39d4984d1077b	4cc90d4f-19a6-e6d1-41d3-9d4984d1077b	.data+0x4004
a619d1e641d39d4984d1077bd002fd4b	e6d119a6-d341-499d-84d1-077bd002fd4b	.data+0x4008
41d39d4984d1077bd002fd4bad6e554c	499dd341-d184-7b07-d002-fd4bad6e554c	.data+0x400c
84d1077bd002fd4bad6e554c39353a13	7b07d184-02d0-4bfd-ad6e-554c39353a13	.data+0x4010
d002fd4bad6e554c39353a13ab14f0e6	4bfd02d0-6ead-4c55-3935-3a13ab14f0e6	.data+0x4014
ad6e554c39353a13ab14f0e60ecb6e45	4c556ead-3539-133a-ab14-f0e60ecb6e45	.data+0x4018
39353a13ab14f0e60ecb6e458af77221	133a3539-14ab-e6f0-0ecb-6e458af77221	.data+0x401c
ab14f0e60ecb6e458af77221edb702f7	e6f014ab-cb0e-456e-8af7-7221edb702f7	.data+0x4020
0ecb6e458af77221edb702f7b7c64d2a	456ecb0e-f78a-2172-edb7-02f7b7c64d2a	.data+0x4024
8af77221edb702f7b7c64d2af541dd45	2172f78a-b7ed-f702-b7c6-4d2af541dd45	.data+0x4028
edb702f7b7c64d2af541dd45b46f2dd3	f702b7ed-c6b7-2a4d-f541-dd45b46f2dd3	.data+0x402c
b7c64d2af541dd45b46f2dd334c1cf65	2a4dc6b7-41f5-45dd-b46f-2dd334c1cf65	.data+0x4030
f541dd45b46f2dd334c1cf65977cdeaa	45dd41f5-6fb4-d32d-34c1-cf65977cdeaa	.data+0x4034
b46f2dd334c1cf65977cdeaae798fa4c	d32d6fb4-c134-65cf-977c-deaae798fa4c	.data+0x4038
34c1cf65977cdeaae798fa4cb4efbbe2	65cfc134-7c97-aade-e798-fa4cb4efbbe2	.data+0x403c
977cdeaae798fa4cb4efbbe20506a31d	aade7c97-98e7-4cfa-b4ef-bbe20506a31d	.data+0x4040
e798fa4cb4efbbe20506a31d2b00d8a7	4cfa98e7-efb4-e2bb-0506-a31d2b00d8a7	.data+0x4044
b4efbbe20506a31d2b00d8a73b92c041	e2bbefb4-0605-1da3-2b00-d8a73b92c041	.data+0x4048
0506a31d2b00d8a73b92c041884c3fc3	1da30605-002b-a7d8-3b92-c041884c3fc3	.data+0x404c
2b00d8a73b92c041884c3fc3795203fa	a7d8002b-923b-41c0-884c-3fc3795203fa	.data+0x4050
3b92c041884c3fc3795203faf9431933	41c0923b-4c88-c33f-7952-03faf9431933	.data+0x4054
884c3fc3795203faf9431933f010bc45	c33f4c88-5279-fa03-f943-1933f010bc45	.data+0x4058
795203faf9431933f010bc45aaee1e5d	fa035279-43f9-3319-f010-bc45aaee1e5d	.data+0x405c
f9431933f010bc45aaee1e5d2d74bfe2	331943f9-10f0-45bc-aaee-1e5d2d74bfe2	.data+0x4060
f010bc45aaee1e5d2d74bfe2c3200058	45bc10f0-eeaa-5d1e-2d74-bfe2c3200058	.data+0x4064
aaee1e5d2d74bfe2c32000589c6c934f	5d1eeeaa-742d-e2bf-c320-00589c6c934f	.data+0x4068
2d74bfe2c32000589c6c934f80087fad	e2bf742d-20c3-5800-9c6c-934f80087fad	.data+0x406c
c32000589c6c934f80087fadc1fcfedd	580020c3-6c9c-4f93-8008-7fadc1fcfedd	.data+0x4070
9c6c934f80087fadc1fcfedd3aee7ff6	4f936c9c-0880-ad7f-c1fc-fedd3aee7ff6	.data+0x4074
80087fadc1fcfedd3aee7ff6e2db2842	ad7f0880-fcc1-ddfe-3aee-7ff6e2db2842	.data+0x4078
c1fcfedd3aee7ff6e2db28429732b4dd	ddfefcc1-ee3a-f67f-e2db-28429732b4dd	.data+0x407c
3aee7ff6e2db28429732b4dd1e5ff6af	f67fee3a-dbe2-4228-9732-b4dd1e5ff6af	.data+0x4080
e2db28429732b4dd1e5ff6af153f6203	4228dbe2-3297-ddb4-1e5f-f6af153f6203	.data+0x4084
9732b4dd1e5ff6af153f62033359404d	ddb43297-5f1e-aff6-153f-62033359404d	.data+0x4088
1e5ff6af153f62033359404d97bbc9c3	aff65f1e-3f15-0362-3359-404d97bbc9c3	.data+0x408c
153f62033359404d97bbc9c3ac100760	03623f15-5933-4d40-97bb-c9c3ac100760	.data+0x4090
3359404d97bbc9c3ac1007604cf23977	4d405933-bb97-c3c9-ac10-07604cf23977	.data+0x4094
97bbc9c3ac1007604cf23977d793d411	c3c9bb97-10ac-6007-4cf2-3977d793d411	.data+0x4098
ac1007604cf23977d793d4119a3a0090	600710ac-f24c-7739-d793-d4119a3a0090	.data+0x409c
4cf23977d793d4119a3a0090273fc14d	7739f24c-93d7-11d4-9a3a-0090273fc14d	.data+0x40a0
d793d4119a3a0090273fc14d097816b8	11d493d7-3a9a-9000-273f-c14d097816b8	.data+0x40a4
9a3a0090273fc14d097816b83ae78743	90003a9a-3f27-4dc1-0978-16b83ae78743	.data+0x40a8
273fc14d097816b83ae7874383230afe	4dc13f27-7809-b816-3ae7-874383230afe	.data+0x40ac
097816b83ae7874383230afe83d3074f	b8167809-e73a-4387-8323-0afe83d3074f	.data+0x40b0
3ae7874383230afe83d3074fb7bfccf4	4387e73a-2383-fe0a-83d3-074fb7bfccf4	.data+0x40b4
83230afe83d3074fb7bfccf4e0f6fd47	fe0a2383-d383-4f07-b7bf-ccf4e0f6fd47	.data+0x40b8
83d3074fb7bfccf4e0f6fd479dd410a8	4f07d383-bfb7-f4cc-e0f6-fd479dd410a8	.data+0x40bc
b7bfccf4e0f6fd479dd410a8f150c191	f4ccbfb7-f6e0-47fd-9dd4-10a8f150c191	.data+0x40c0
e0f6fd479dd410a8f150c191742b70c2	47fdf6e0-d49d-a810-f150-c191742b70c2	.data+0x40c4
9dd410a8f150c191742b70c20c803141	a810d49d-50f1-91c1-742b-70c20c803141	.data+0x40c8
f150c191742b70c20c80314187468fb5	91c150f1-2b74-c270-0c80-314187468fb5	.data+0x40cc
742b70c20c80314187468fb5b89ce4ac	c2702b74-800c-4131-8746-8fb5b89ce4ac	.data+0x40d0
0c80314187468fb5b89ce4acdcc6a318	4131800c-4687-b58f-b89c-e4acdcc6a318	.data+0x40d4
87468fb5b89ce4acdcc6a318ea5ec848	b58f4687-9cb8-ace4-dcc6-a318ea5ec848	.data+0x40d8
b89ce4acdcc6a318ea5ec848a1c1b533	ace49cb8-c6dc-18a3-ea5e-c848a1c1b533	.data+0x40dc
dcc6a318ea5ec848a1c1b53389f98999	18a3c6dc-5eea-48c8-a1c1-b53389f98999	.data+0x40e0
ea5ec848a1c1b53389f989998e20c367	48c85eea-c1a1-33b5-89f9-89998e20c367	.data+0x40e4
a1c1b53389f989998e20c367cb4f8f49	33b5c1a1-f989-9989-8e20-c367cb4f8f49	.data+0x40e8
89f989998e20c367cb4f8f4997290760	9989f989-208e-67c3-cb4f-8f4997290760	.data+0x40ec
8e20c367cb4f8f4997290760bb4109a7	67c3208e-4fcb-498f-9729-0760bb4109a7	.data+0x40f0
cb4f8f4997290760bb4109a710150000	498f4fcb-2997-6007-bb41-09a710150000	.data+0x40f4
97290760bb4109a71015000000000000	60072997-41bb-a709-1015-000000000000	.data+0x40f8
bb4109a7101500000000000034150000	a70941bb-1510-0000-0000-000034150000	.data+0x40fc
10150000000000003415000000000000	00001510-0000-0000-3415-000000000000	.data+0x4100
000000003415000000000000a0150000	00000000-1534-0000-0000-0000a0150000	.data+0x4104
3415000000000000a015000000000000	00001534-0000-0000-a015-000000000000	.data+0x4108
00000000a0150000000000009c360000	00000000-15a0-0000-0000-00009c360000	.data+0x410c
a0150000000000009c36000000000000	000015a0-0000-0000-9c36-000000000000	.data+0x4110
000000009c36000000000000c8150000	00000000-369c-0000-0000-0000c8150000	.data+0x4114
9c36000000000000c815000000000000	0000369c-0000-0000-c815-000000000000	.data+0x4118
00000000c8150000000000009c150000	00000000-15c8-0000-0000-00009c150000	.data+0x411c
c8150000000000009c15000000000000	000015c8-0000-0000-9c15-000000000000	.data+0x4120
000000009c150000000000009c150000	00000000-159c-0000-0000-00009c150000	.data+0x4124;.data+0x412c;.data+0x4134;.data+0x4164;.data+0x416c;.data+0x4174;.data+0x418c;.data+0x4194;.data+0x41ec;.data+0x41f4;.data+0x41fc;.data+0x4204;.data+0x420c;.data+0x4214;.data+0x421c;.data+0x4224;.data+0x422c;.data+0x4234;.data+0x423c;.data+0x4244;.data+0x425c;.data+0x4264;.data+0x426c;.data+0x4274;.data+0x427c;.data+0x4284;.data+0x428c;.data+0x4294;.data+0x429c;.data+0x42b4;.data+0x42bc;.data+0x42d4;.data+0x42dc;.data+0x435c;.data+0x4364;.data+0x436c;.data+0x43cc;.data+0x43d4;.data+0x43dc;.data+0x43e4
9c150000000000009c15000000000000	0000159c-0000-0000-9c15-000000000000	.data+0x4128;.data+0x4130;.data+0x4138;.data+0x4168;.data+0x4170;.data+0x4178;.data+0x4190;.data+0x4198;.data+0x41f0;.data+0x41f8;.data+0x4200;.data+0x4208;.data+0x4210;.data+0x4218;.data+0x4220;.data+0x4228;.data+0x4230;.data+0x4238;.data+0x4240;.data+0x4248;.data+0x4260;.data+0x4268;.data+0x4270;.data+0x4278;.data+0x4280;.data+0x4288;.data+0x4290;.data+0x4298;.data+0x42a0;.data+0x42b8;.data+0x42c0;.data+0x42d8;.data+0x42e0;.data+0x4360;.data+0x4368;.data+0x4370;.data+0x43d0;.data+0x43d8;.data+0x43e0;.data+0x43e8
000000009c15000000000000f0150000	00000000-159c-0000-0000-0000f0150000	.data+0x413c
9c15000000000000f015000000000000	0000159c-0000-0000-f015-000000000000	.data+0x4140
00000000f0150000000000009c150000	00000000-15f0-0000-0000-00009c150000	.data+0x4144
f0150000000000009c15000000000000	000015f0-0000-0000-9c15-000000000000	.data+0x4148
000000009c1500000000000084180000	00000000-159c-0000-0000-000084180000	.data+0x414c
9c150000000000008418000000000000	0000159c-0000-0000-8418-000000000000	.data+0x4150
000000008418000000000000d4180000	00000000-1884-0000-0000-0000d4180000	.data+0x4154
8418000000000000d418000000000000	00001884-0000-0000-d418-000000000000	.data+0x4158
00000000d4180000000000009c150000	00000000-18d4-0000-0000-00009c150000	.data+0x415c
d4180000000000009c15000000000000	000018d4-0000-0000-9c15-000000000000	.data+0x4160
000000009c15000000000000fc180000	00000000-159c-0000-0000-0000fc180000	.data+0x417c
9c15000000000000fc18000000000000	0000159c-0000-0000-fc18-000000000000	.data+0x4180
00000000fc180000000000009c150000	00000000-18fc-0000-0000-00009c150000	.data+0x4184
fc180000000000009c15000000000000	000018fc-0000-0000-9c15-000000000000	.data+0x4188
000000009c15000000000000b8190000	00000000-159c-0000-0000-0000b8190000	.data+0x419c
9c15000000000000b819000000000000	0000159c-0000-0000-b819-000000000000	.data+0x41a0
00000000b819000000000000001b0000	00000000-19b8-0000-0000-0000001b0000	.data+0x41a4
b819000000000000001b000000000000	000019b8-0000-0000-001b-000000000000	.data+0x41a8
00000000001b0000000000009c150000	00000000-1b00-0000-0000-00009c150000	.data+0x41ac
001b0000000000009c15000000000000	00001b00-0000-0000-9c15-000000000000	.data+0x41b0
000000009c15000000000000741a0000	00000000-159c-0000-0000-0000741a0000	.data+0x41b4
9c15000000000000741a000000000000	0000159c-0000-0000-741a-000000000000	.data+0x41b8
00000000741a0000000000009c150000	00000000-1a74-0000-0000-00009c150000	.data+0x41bc
741a0000000000009c15000000000000	00001a74-0000-0000-9c15-000000000000	.data+0x41c0
000000009c15000000000000602b0000	00000000-159c-0000-0000-0000602b0000	.data+0x41c4
9c15000000000000602b000000000000	0000159c-0000-0000-602b-000000000000	.data+0x41c8
00000000602b000000000000882b0000	00000000-2b60-0000-0000-0000882b0000	.data+0x41cc
602b000000000000882b000000000000	00002b60-0000-0000-882b-000000000000	.data+0x41d0
00000000882b000000000000b02b0000	00000000-2b88-0000-0000-0000b02b0000	.data+0x41d4
882b000000000000b02b000000000000	00002b88-0000-0000-b02b-000000000000	.data+0x41d8
00000000b02b00000000000000000000	00000000-2bb0-0000-0000-000000000000	.data+0x41dc
b02b0000000000000000000000000000	00002bb0-0000-0000-0000-000000000000	.data+0x41e0
0000000000000000000000009c150000	00000000-0000-0000-0000-00009c150000	.data+0x41e4
00000000000000009c15000000000000	00000000-0000-0000-9c15-000000000000	.data+0x41e8
000000009c1500000000000078270000	00000000-159c-0000-0000-000078270000	.data+0x424c
9c150000000000007827000000000000	0000159c-0000-0000-7827-000000000000	.data+0x4250
0000000078270000000000009c150000	00000000-2778-0000-0000-00009c150000	.data+0x4254
78270000000000009c15000000000000	00002778-0000-0000-9c15-000000000000	.data+0x4258
000000009c15000000000000d0270000	00000000-159c-0000-0000-0000d0270000	.data+0x42a4
9c15000000000000d027000000000000	0000159c-0000-0000-d027-000000000000	.data+0x42a8
00000000d0270000000000009c150000	00000000-27d0-0000-0000-00009c150000	.data+0x42ac
d0270000000000009c15000000000000	000027d0-0000-0000-9c15-000000000000	.data+0x42b0
000000009c1500000000000008280000	00000000-159c-0000-0000-000008280000	.data+0x42c4
9c150000000000000828000000000000	0000159c-0000-0000-0828-000000000000	.data+0x42c8
0000000008280000000000009c150000	00000000-2808-0000-0000-00009c150000	.data+0x42cc
08280000000000009c15000000000000	00002808-0000-0000-9c15-000000000000	.data+0x42d0
000000009c15000000000000802c0000	00000000-159c-0000-0000-0000802c0000	.data+0x42e4
9c15000000000000802c000000000000	0000159c-0000-0000-802c-000000000000	.data+0x42e8
00000000802c000000000000bc2c0000	00000000-2c80-0000-0000-0000bc2c0000	.data+0x42ec
802c000000000000bc2c000000000000	00002c80-0000-0000-bc2c-000000000000	.data+0x42f0
00000000bc2c000000000000281b0000	00000000-2cbc-0000-0000-0000281b0000	.data+0x42f4
bc2c000000000000281b000000000000	00002cbc-0000-0000-281b-000000000000	.data+0x42f8
00000000281b0000000000003c1b0000	00000000-1b28-0000-0000-00003c1b0000	.data+0x42fc
281b0000000000003c1b000000000000	00001b28-0000-0000-3c1b-000000000000	.data+0x4300
000000003c1b000000000000541b0000	00000000-1b3c-0000-0000-0000541b0000	.data+0x4304
3c1b000000000000541b000000000000	00001b3c-0000-0000-541b-000000000000	.data+0x4308
00000000541b0000000000008c1b0000	00000000-1b54-0000-0000-00008c1b0000	.data+0x430c
541b0000000000008c1b000000000000	00001b54-0000-0000-8c1b-000000000000	.data+0x4310
000000008c1b000000000000a81b0000	00000000-1b8c-0000-0000-0000a81b0000	.data+0x4314
8c1b000000000000a81b000000000000	00001b8c-0000-0000-a81b-000000000000	.data+0x4318
00000000a81b000000000000c81b0000	00000000-1ba8-0000-0000-0000c81b0000	.data+0x431c
a81b000000000000c81b000000000000	00001ba8-0000-0000-c81b-000000000000	.data+0x4320
00000000c81b000000000000081c0000	00000000-1bc8-0000-0000-0000081c0000	.data+0x4324
c81b000000000000081c000000000000	00001bc8-0000-0000-081c-000000000000	.data+0x4328
00000000081c000000000000201c0000	00000000-1c08-0000-0000-0000201c0000	.data+0x432c
081c000000000000201c000000000000	00001c08-0000-0000-201c-000000000000	.data+0x4330
00000000201c000000000000381c0000	00000000-1c20-0000-0000-0000381c0000	.data+0x4334
201c000000000000381c000000000000	00001c20-0000-0000-381c-000000000000	.data+0x4338
00000000381c0000000000009c150000	00000000-1c38-0000-0000-00009c150000	.data+0x433c
381c0000000000009c15000000000000	00001c38-0000-0000-9c15-000000000000	.data+0x4340
000000009c15000000000000c42a0000	00000000-159c-0000-0000-0000c42a0000	.data+0x4344
9c15000000000000c42a000000000000	0000159c-0000-0000-c42a-000000000000	.data+0x4348
00000000c42a0000000000002c2b0000	00000000-2ac4-0000-0000-00002c2b0000	.data+0x434c
c42a0000000000002c2b000000000000	00002ac4-0000-0000-2c2b-000000000000	.data+0x4350
000000002c2b0000000000009c150000	00000000-2b2c-0000-0000-00009c150000	.data+0x4354
2c2b0000000000009c15000000000000	00002b2c-0000-0000-9c15-000000000000	.data+0x4358
000000009c15000000000000681c0000	00000000-159c-0000-0000-0000681c0000	.data+0x4374
9c15000000000000681c000000000000	0000159c-0000-0000-681c-000000000000	.data+0x4378
00000000681c000000000000a41c0000	00000000-1c68-0000-0000-0000a41c0000	.data+0x437c
681c000000000000a41c000000000000	00001c68-0000-0000-a41c-000000000000	.data+0x4380
00000000a41c0000000000009c1d0000	00000000-1ca4-0000-0000-00009c1d0000	.data+0x4384
a41c0000000000009c1d000000000000	00001ca4-0000-0000-9c1d-000000000000	.data+0x4388
000000009c1d0000000000000c1e0000	00000000-1d9c-0000-0000-00000c1e0000	.data+0x438c
9c1d0000000000000c1e000000000000	00001d9c-0000-0000-0c1e-000000000000	.data+0x4390
000000000c1e000000000000141f0000	00000000-1e0c-0000-0000-0000141f0000	.data+0x4394
0c1e000000000000141f000000000000	00001e0c-0000-0000-141f-000000000000	.data+0x4398
00000000141f000000000000481f0000	00000000-1f14-0000-0000-0000481f0000	.data+0x439c
141f000000000000481f000000000000	00001f14-0000-0000-481f-000000000000	.data+0x43a0
00000000481f0000000000006c1f0000	00000000-1f48-0000-0000-00006c1f0000	.data+0x43a4
481f0000000000006c1f000000000000	00001f48-0000-0000-6c1f-000000000000	.data+0x43a8
000000006c1f000000000000c8230000	00000000-1f6c-0000-0000-0000c8230000	.data+0x43ac
6c1f000000000000c823000000000000	00001f6c-0000-0000-c823-000000000000	.data+0x43b0
00000000c8230000000000009c150000	00000000-23c8-0000-0000-00009c150000	.data+0x43b4
c8230000000000009c15000000000000	000023c8-0000-0000-9c15-000000000000	.data+0x43b8
000000009c15000000000000d8240000	00000000-159c-0000-0000-0000d8240000	.data+0x43bc
9c15000000000000d824000000000000	0000159c-0000-0000-d824-000000000000	.data+0x43c0
00000000d8240000000000009c150000	00000000-24d8-0000-0000-00009c150000	.data+0x43c4
d8240000000000009c15000000000000	000024d8-0000-0000-9c15-000000000000	.data+0x43c8
000000009c150000000000003c280000	00000000-159c-0000-0000-00003c280000	.data+0x43ec
9c150000000000003c28000000000000	0000159c-0000-0000-3c28-000000000000	.data+0x43f0
000000003c28000000000000a42a0000	00000000-283c-0000-0000-0000a42a0000	.data+0x43f4
3c28000000000000a42a000000000000	0000283c-0000-0000-a42a-000000000000	.data+0x43f8
00000000a42a0000000000009c150000	00000000-2aa4-0000-0000-00009c150000	.data+0x43fc
a42a0000000000009c15000000000000	00002aa4-0000-0000-9c15-000000000000	.data+0x4400
000000009c1500000000000070290000	00000000-159c-0000-0000-000070290000	.data+0x4404
9c150000000000007029000000000000	0000159c-0000-0000-7029-000000000000	.data+0x4408
000000007029000000000000f654ca3f	00000000-2970-0000-0000-0000f654ca3f	.data+0x440c
7029000000000000f654ca3fa2e1204b	00002970-0000-0000-f654-ca3fa2e1204b	.data+0x4410
00000000f654ca3fa2e1204bbe76926b	00000000-54f6-3fca-a2e1-204bbe76926b	.data+0x4414
f654ca3fa2e1204bbe76926b4b48bfaa	3fca54f6-e1a2-4b20-be76-926b4b48bfaa	.data+0x4418
a2e1204bbe76926b4b48bfaa00000000	4b20e1a2-76be-6b92-4b48-bfaa00000000	.data+0x441c
be76926b4b48bfaa0000000000000000	6b9276be-484b-aabf-0000-000000000000	.data+0x4420
4b48bfaa000000000000000000000000	aabf484b-0000-0000-0000-000000000000	.data+0x4424
0000000000000000000000004c006500	00000000-0000-0000-0000-00004c006500	.data+0x442c
00000000000000004c0065006e006f00	00000000-0000-0000-4c00-65006e006f00	.data+0x4430;.data+0x44c0;.data+0x4510;.data+0x4540
000000004c0065006e006f0076006f00	00000000-004c-0065-6e00-6f0076006f00	.data+0x4434;.data+0x4484;.data+0x44c4;.data+0x4514;.data+0x4544
4c0065006e006f0076006f0052007500	0065004c-006e-006f-7600-6f0052007500	.data+0x4438
6e006f0076006f00520075006e007400	006f006e-0076-006f-5200-75006e007400	.data+0x443c
76006f00520075006e00740069006d00	006f0076-0052-0075-6e00-740069006d00	.data+0x4440
520075006e00740069006d0065004300	00750052-006e-0074-6900-6d0065004300	.data+0x4444
6e00740069006d00650043006f006e00	0074006e-0069-006d-6500-43006f006e00	.data+0x4448
69006d00650043006f006e0066006900	006d0069-0065-0043-6f00-6e0066006900	.data+0x444c
650043006f006e006600690067000000	00430065-006f-006e-6600-690067000000	.data+0x4450
6f006e0066006900670000004c006500	006e006f-0066-0069-6700-00004c006500	.data+0x4454
66006900670000004c0065006e006f00	00690066-0067-0000-4c00-65006e006f00	.data+0x4458
670000004c0065006e006f0076006f00	00000067-004c-0065-6e00-6f0076006f00	.data+0x445c
4c0065006e006f0076006f0053007900	0065004c-006e-006f-7600-6f0053007900	.data+0x4460
6e006f0076006f005300790073007400	006f006e-0076-006f-5300-790073007400	.data+0x4464
76006f00530079007300740065006d00	006f0076-0053-0079-7300-740065006d00	.data+0x4468
530079007300740065006d0043006f00	00790053-0073-0074-6500-6d0043006f00	.data+0x446c
7300740065006d0043006f006e006600	00740073-0065-006d-4300-6f006e006600	.data+0x4470
65006d0043006f006e00660069006700	006d0065-0043-006f-6e00-660069006700	.data+0x4474
43006f006e0066006900670000000000	006f0043-006e-0066-6900-670000000000	.data+0x4478;.data+0x44b4;.data+0x44e4;.data+0x4534
6e00660069006700000000004c006500	0066006e-0069-0067-0000-00004c006500	.data+0x447c
69006700000000004c0065006e006f00	00670069-0000-0000-4c00-65006e006f00	.data+0x4480
4c0065006e006f0076006f0049007300	0065004c-006e-006f-7600-6f0049007300	.data+0x4488
6e006f0076006f004900730073006300	006f006e-0076-006f-4900-730073006300	.data+0x448c
76006f00490073007300630046006c00	006f0076-0049-0073-7300-630046006c00	.data+0x4490
490073007300630046006c0061006700	00730049-0073-0063-4600-6c0061006700	.data+0x4494
7300630046006c006100670073000000	00630073-0046-006c-6100-670073000000	.data+0x4498
46006c0061006700730000004c006500	006c0046-0061-0067-7300-00004c006500	.data+0x449c
61006700730000004c0065006e006f00	00670061-0073-0000-4c00-65006e006f00	.data+0x44a0
730000004c0065006e006f0076006f00	00000073-004c-0065-6e00-6f0076006f00	.data+0x44a4
4c0065006e006f0076006f0043006f00	0065004c-006e-006f-7600-6f0043006f00	.data+0x44a8
6e006f0076006f0043006f006e006600	006f006e-0076-006f-4300-6f006e006600	.data+0x44ac
76006f0043006f006e00660069006700	006f0076-0043-006f-6e00-660069006700	.data+0x44b0
6e006600690067000000000000000000	0066006e-0069-0067-0000-000000000000	.data+0x44b8;.data+0x44e8;.data+0x4538
6900670000000000000000004c006500	00670069-0000-0000-0000-00004c006500	.data+0x44bc;.data+0x453c
4c0065006e006f0076006f0046007500	0065004c-006e-006f-7600-6f0046007500	.data+0x44c8
6e006f0076006f00460075006e006300	006f006e-0076-006f-4600-75006e006300	.data+0x44cc
76006f00460075006e00630074006900	006f0076-0046-0075-6e00-630074006900	.data+0x44d0
460075006e006300740069006f006e00	00750046-006e-0063-7400-69006f006e00	.data+0x44d4
6e006300740069006f006e0043006f00	0063006e-0074-0069-6f00-6e0043006f00	.data+0x44d8
740069006f006e0043006f006e006600	00690074-006f-006e-4300-6f006e006600	.data+0x44dc
6f006e0043006f006e00660069006700	006e006f-0043-006f-6e00-660069006700	.data+0x44e0
6900670000000000000000004c006e00	00670069-0000-0000-0000-00004c006e00	.data+0x44ec
00000000000000004c006e0076005300	00000000-0000-0000-4c00-6e0076005300	.data+0x44f0
000000004c006e007600530079007300	00000000-004c-006e-7600-530079007300	.data+0x44f4
4c006e00760053007900730043006600	006e004c-0076-0053-7900-730043006600	.data+0x44f8
76005300790073004300660067005200	00530076-0079-0073-4300-660067005200	.data+0x44fc
79007300430066006700520065007100	00730079-0043-0066-6700-520065007100	.data+0x4500
43006600670052006500710000000000	00660043-0067-0052-6500-710000000000	.data+0x4504
67005200650071000000000000000000	00520067-0065-0071-0000-000000000000	.data+0x4508
6500710000000000000000004c006500	00710065-0000-0000-0000-00004c006500	.data+0x450c
4c0065006e006f0076006f0053006500	0065004c-006e-006f-7600-6f0053006500	.data+0x4518
6e006f0076006f005300650063007500	006f006e-0076-006f-5300-650063007500	.data+0x451c
76006f00530065006300750072006900	006f0076-0053-0065-6300-750072006900	.data+0x4520
53006500630075007200690074007900	00650053-0063-0075-7200-690074007900	.data+0x4524
63007500720069007400790043006f00	00750063-0072-0069-7400-790043006f00	.data+0x4528
720069007400790043006f006e006600	00690072-0074-0079-4300-6f006e006600	.data+0x452c
7400790043006f006e00660069006700	00790074-0043-006f-6e00-660069006700	.data+0x4530
4c0065006e006f0076006f0053006300	0065004c-006e-006f-7600-6f0053006300	.data+0x4548
6e006f0076006f005300630072006100	006f006e-0076-006f-5300-630072006100	.data+0x454c
76006f00530063007200610074006300	006f0076-0053-0063-7200-610074006300	.data+0x4550
53006300720061007400630068004400	00630053-0072-0061-7400-630068004400	.data+0x4554
72006100740063006800440061007400	00610072-0074-0063-6800-440061007400	.data+0x4558
74006300680044006100740061000000	00630074-0068-0044-6100-740061000000	.data+0x455c
68004400610074006100000000000000	00440068-0061-0074-6100-000000000000	.data+0x4560
610074006100000000000000082d0000	00740061-0061-0000-0000-0000082d0000	.data+0x4564
6100000000000000082d000000000000	00000061-0000-0000-082d-000000000000	.data+0x4568
00000000082d000000000000942d0000	00000000-2d08-0000-0000-0000942d0000	.data+0x456c
082d000000000000942d000000000000	00002d08-0000-0000-942d-000000000000	.data+0x4570
00000000942d000000000000442e0000	00000000-2d94-0000-0000-0000442e0000	.data+0x4574
942d000000000000442e000000000000	00002d94-0000-0000-442e-000000000000	.data+0x4578
00000000442e000000000000a42e0000	00000000-2e44-0000-0000-0000a42e0000	.data+0x457c
442e000000000000a42e000000000000	00002e44-0000-0000-a42e-000000000000	.data+0x4580
00000000a42e000000000000c82f0000	00000000-2ea4-0000-0000-0000c82f0000	.data+0x4584
a42e000000000000c82f000000000000	00002ea4-0000-0000-c82f-000000000000	.data+0x4588
00000000c82f0000000000003c310000	00000000-2fc8-0000-0000-00003c310000	.data+0x458c
c82f0000000000003c31000000000000	00002fc8-0000-0000-3c31-000000000000	.data+0x4590
000000003c31000000000000fc310000	00000000-313c-0000-0000-0000fc310000	.data+0x4594
3c31000000000000fc31000000000000	0000313c-0000-0000-fc31-000000000000	.data+0x4598
00000000fc31000000000000fc320000	00000000-31fc-0000-0000-0000fc320000	.data+0x459c
fc31000000000000fc32000000000000	000031fc-0000-0000-fc32-000000000000	.data+0x45a0
00000000fc32000000000000bc330000	00000000-32fc-0000-0000-0000bc330000	.data+0x45a4
fc32000000000000bc33000000000000	000032fc-0000-0000-bc33-000000000000	.data+0x45a8
00000000bc33000000000000bc340000	00000000-33bc-0000-0000-0000bc340000	.data+0x45ac
bc33000000000000bc34000000000000	000033bc-0000-0000-bc34-000000000000	.data+0x45b0
00000000bc340000000000007c350000	00000000-34bc-0000-0000-00007c350000	.data+0x45b4
bc340000000000007c35000000000000	000034bc-0000-0000-7c35-000000000000	.data+0x45b8
000000007c3500000000000000000000	00000000-357c-0000-0000-000000000000	.data+0x45bc
7c350000000000000000000000000000	0000357c-0000-0000-0000-000000000000	.data+0x45c0
00400000e400000000a108a110a118a1	00004000-00e4-0000-00a1-08a110a118a1	.reloc+0x7000
e400000000a108a110a118a120a128a1	000000e4-a100-a108-10a1-18a120a128a1	.reloc+0x7004
00a108a110a118a120a128a130a138a1	a108a100-a110-a118-20a1-28a130a138a1	.reloc+0x7008
10a118a120a128a130a138a140a148a1	a118a110-a120-a128-30a1-38a140a148a1	.reloc+0x700c
20a128a130a138a140a148a150a158a1	a128a120-a130-a138-40a1-48a150a158a1	.reloc+0x7010
30a138a140a148a150a158a160a168a1	a138a130-a140-a148-50a1-58a160a168a1	.reloc+0x7014
40a148a150a158a160a168a170a178a1	a148a140-a150-a158-60a1-68a170a178a1	.reloc+0x7018
50a158a160a168a170a178a180a188a1	a158a150-a160-a168-70a1-78a180a188a1	.reloc+0x701c
60a168a170a178a180a188a190a198a1	a168a160-a170-a178-80a1-88a190a198a1	.reloc+0x7020
70a178a180a188a190a198a1a0a1a8a1	a178a170-a180-a188-90a1-98a1a0a1a8a1	.reloc+0x7024
80a188a190a198a1a0a1a8a1b0a1b8a1	a188a180-a190-a198-a0a1-a8a1b0a1b8a1	.reloc+0x7028
90a198a1a0a1a8a1b0a1b8a1c0a1c8a1	a198a190-a1a0-a1a8-b0a1-b8a1c0a1c8a1	.reloc+0x702c
a0a1a8a1b0a1b8a1c0a1c8a1d0a1d8a1	a1a8a1a0-a1b0-a1b8-c0a1-c8a1d0a1d8a1	.reloc+0x7030
b0a1b8a1c0a1c8a1d0a1d8a1e0a1f0a1	a1b8a1b0-a1c0-a1c8-d0a1-d8a1e0a1f0a1	.reloc+0x7034
c0a1c8a1d0a1d8a1e0a1f0a1f8a100a2	a1c8a1c0-a1d0-a1d8-e0a1-f0a1f8a100a2	.reloc+0x7038
d0a1d8a1e0a1f0a1f8a100a208a210a2	a1d8a1d0-a1e0-a1f0-f8a1-00a208a210a2	.reloc+0x703c
e0a1f0a1f8a100a208a210a218a220a2	a1f0a1e0-a1f8-a200-08a2-10a218a220a2	.reloc+0x7040
f8a100a208a210a218a220a228a230a2	a200a1f8-a208-a210-18a2-20a228a230a2	.reloc+0x7044
08a210a218a220a228a230a238a240a2	a210a208-a218-a220-28a2-30a238a240a2	.reloc+0x7048
18a220a228a230a238a240a248a250a2	a220a218-a228-a230-38a2-40a248a250a2	.reloc+0x704c
28a230a238a240a248a250a258a260a2	a230a228-a238-a240-48a2-50a258a260a2	.reloc+0x7050
38a240a248a250a258a260a268a270a2	a240a238-a248-a250-58a2-60a268a270a2	.reloc+0x7054
48a250a258a260a268a270a278a280a2	a250a248-a258-a260-68a2-70a278a280a2	.reloc+0x7058
58a260a268a270a278a280a288a290a2	a260a258-a268-a270-78a2-80a288a290a2	.reloc+0x705c
68a270a278a280a288a290a298a2a0a2	a270a268-a278-a280-88a2-90a298a2a0a2	.reloc+0x7060
78a280a288a290a298a2a0a2a8a2b0a2	a280a278-a288-a290-98a2-a0a2a8a2b0a2	.reloc+0x7064
88a290a298a2a0a2a8a2b0a2b8a2c0a2	a290a288-a298-a2a0-a8a2-b0a2b8a2c0a2	.reloc+0x7068
98a2a0a2a8a2b0a2b8a2c0a2c8a2d0a2	a2a0a298-a2a8-a2b0-b8a2-c0a2c8a2d0a2	.reloc+0x706c
a8a2b0a2b8a2c0a2c8a2d0a2d8a2e0a2	a2b0a2a8-a2b8-a2c0-c8a2-d0a2d8a2e0a2	.reloc+0x7070
b8a2c0a2c8a2d0a2d8a2e0a2e8a2f0a2	a2c0a2b8-a2c8-a2d0-d8a2-e0a2e8a2f0a2	.reloc+0x7074
c8a2d0a2d8a2e0a2e8a2f0a2f8a200a3	a2d0a2c8-a2d8-a2e0-e8a2-f0a2f8a200a3	.reloc+0x7078
d8a2e0a2e8a2f0a2f8a200a308a310a3	a2e0a2d8-a2e8-a2f0-f8a2-00a308a310a3	.reloc+0x707c
e8a2f0a2f8a200a308a310a318a320a3	a2f0a2e8-a2f8-a300-08a3-10a318a320a3	.reloc+0x7080
f8a200a308a310a318a320a328a330a3	a300a2f8-a308-a310-18a3-20a328a330a3	.reloc+0x7084
08a310a318a320a328a330a338a340a3	a310a308-a318-a320-28a3-30a338a340a3	.reloc+0x7088
18a320a328a330a338a340a348a350a3	a320a318-a328-a330-38a3-40a348a350a3	.reloc+0x708c
28a330a338a340a348a350a358a360a3	a330a328-a338-a340-48a3-50a358a360a3	.reloc+0x7090
38a340a348a350a358a360a368a370a3	a340a338-a348-a350-58a3-60a368a370a3	.reloc+0x7094
48a350a358a360a368a370a378a380a3	a350a348-a358-a360-68a3-70a378a380a3	.reloc+0x7098
58a360a368a370a378a380a388a390a3	a360a358-a368-a370-78a3-80a388a390a3	.reloc+0x709c
68a370a378a380a388a390a398a3a0a3	a370a368-a378-a380-88a3-90a398a3a0a3	.reloc+0x70a0
78a380a388a390a398a3a0a3a8a3b0a3	a380a378-a388-a390-98a3-a0a3a8a3b0a3	.reloc+0x70a4
88a390a398a3a0a3a8a3b0a3b8a3c0a3	a390a388-a398-a3a0-a8a3-b0a3b8a3c0a3	.reloc+0x70a8
98a3a0a3a8a3b0a3b8a3c0a3c8a3d0a3	a3a0a398-a3a8-a3b0-b8a3-c0a3c8a3d0a3	.reloc+0x70ac
a8a3b0a3b8a3c0a3c8a3d0a3d8a3e0a3	a3b0a3a8-a3b8-a3c0-c8a3-d0a3d8a3e0a3	.reloc+0x70b0
b8a3c0a3c8a3d0a3d8a3e0a3e8a3f0a3	a3c0a3b8-a3c8-a3d0-d8a3-e0a3e8a3f0a3	.reloc+0x70b4
c8a3d0a3d8a3e0a3e8a3f0a3f8a300a4	a3d0a3c8-a3d8-a3e0-e8a3-f0a3f8a300a4	.reloc+0x70b8
d8a3e0a3e8a3f0a3f8a300a408a410a4	a3e0a3d8-a3e8-a3f0-f8a3-00a408a410a4	.reloc+0x70bc
e8a3f0a3f8a300a408a410a470a578a5	a3f0a3e8-a3f8-a400-08a4-10a470a578a5	.reloc+0x70c0
f8a300a408a410a470a578a580a588a5	a400a3f8-a408-a410-70a5-78a580a588a5	.reloc+0x70c4
08a410a470a578a580a588a590a598a5	a410a408-a570-a578-80a5-88a590a598a5	.reloc+0x70c8
70a578a580a588a590a598a5a0a5a8a5	a578a570-a580-a588-90a5-98a5a0a5a8a5	.reloc+0x70cc
80a588a590a598a5a0a5a8a5b0a5b8a5	a588a580-a590-a598-a0a5-a8a5b0a5b8a5	.reloc+0x70d0
90a598a5a0a5a8a5b0a5b8a5c0a50000	a598a590-a5a0-a5a8-b0a5-b8a5c0a50000	.reloc+0x70d4
